Rank;Sourceid;Title;Type;Issn;SJR;SJR Quartile;H index;Total Docs. (2022);Total Docs. (3years);Total Refs.;Total Cites (3years);Citable Docs. (3years);Cites / Doc. (2years);Ref. / Doc.;Country;Region;Publisher;Coverage;Categories;Areas
1;12010;"Annual Review of Psychology";journal;"00664308, 15452085";9,226;Q1;266;30;86;4448;2659;83;26,89;148,27;United States;Northern America;"Annual Reviews Inc.";"1950-1958, 1960-1963, 1965-2022";"Psychology (miscellaneous) (Q1)";"Psychology"
2;13443;"Psychological Bulletin";journal;"00332909, 19391455";7,635;Q1;345;22;124;6441;2990;120;22,27;292,77;United States;Northern America;"American Psychological Association";"1904-2022";"History and Philosophy of Science (Q1); Psychology (miscellaneous) (Q1)";"Arts and Humanities; Psychology"
3;13969;"Psychological Science in the Public Interest";journal;"21600031, 15291006";6,295;Q1;56;5;19;576;276;10;16,08;115,20;United States;Northern America;"SAGE Publications Inc.";"2000-2022";"Psychology (miscellaneous) (Q1)";"Psychology"
4;21101046404;"Advances in Methods and Practices in Psychological Science";journal;"25152459, 25152467";5,649;Q1;34;16;102;956;1411;97;13,09;59,75;United States;Northern America;"SAGE Publications Inc.";"2018-2022";"Psychology (miscellaneous) (Q1)";"Psychology"
5;19700182323;"Perspectives on Psychological Science";journal;"17456916, 17456924";5,529;Q1;168;147;259;15307;3703;255;14,17;104,13;United States;Northern America;"SAGE Publications Ltd";"2006-2022";"Psychology (miscellaneous) (Q1)";"Psychology"
6;13461;"Psychological Methods";journal;"1082989X, 19391463";4,247;Q1;172;109;187;7096;1645;184;6,43;65,10;United States;Northern America;"American Psychological Association";"1996-2022";"History and Philosophy of Science (Q1); Psychology (miscellaneous) (Q1)";"Arts and Humanities; Psychology"
7;30020;"Journal of Organizational Behavior";journal;"10991379, 08943796";3,804;Q1;205;99;194;10678;2215;184;7,46;107,86;United Kingdom;Western Europe;"John Wiley and Sons Ltd";"1981-1982, 1984-2022";"Applied Psychology (Q1); Organizational Behavior and Human Resource Management (Q1); Psychology (miscellaneous) (Q1); Sociology and Political Science (Q1)";"Business, Management and Accounting; Psychology; Social Sciences"
8;29492;"American Psychologist";journal;"0003066X, 1935990X";3,363;Q1;256;125;509;3908;5099;488;11,12;31,26;United States;Northern America;"American Psychological Association";"1946-1954, 1965-2022";"Medicine (miscellaneous) (Q1); Psychology (miscellaneous) (Q1)";"Medicine; Psychology"
9;13477;"Current Directions in Psychological Science";journal;"14678721, 09637214";3,028;Q1;196;69;246;2357;2146;246;7,86;34,16;United States;Northern America;"SAGE Publications Inc.";"1992-2022";"Developmental and Educational Psychology (Q1); Psychology (miscellaneous) (Q1)";"Psychology"
10;13468;"Psychological Science";journal;"09567976, 14679280";2,854;Q1;300;151;474;6760;3523;435;7,58;44,77;United States;Northern America;"SAGE Publications Inc.";"1990-2022";"Psychology (miscellaneous) (Q1)";"Psychology"
11;13467;"Psychological Review";journal;"19391471, 0033295X";2,801;Q1;230;85;152;11771;1106;140;6,25;138,48;United States;Northern America;"American Psychological Association";"1894-2022";"History and Philosophy of Science (Q1); Psychology (miscellaneous) (Q1)";"Arts and Humanities; Psychology"
12;146223;"Behavior Research Methods";journal;"15543528, 1554351X";2,753;Q1;160;383;520;23804;4261;517;6,54;62,15;United States;Northern America;"Springer Nature";"1968-1983, 2004-2022";"Arts and Humanities (miscellaneous) (Q1); Developmental and Educational Psychology (Q1); Experimental and Cognitive Psychology (Q1); Psychology (miscellaneous) (Q1)";"Arts and Humanities; Psychology"
13;5100155099;"Qualitative Research in Psychology";journal;"14780895, 14780887";2,631;Q1;48;55;102;2888;1100;94;14,29;52,51;United Kingdom;Western Europe;"Taylor and Francis Ltd.";"2004-2022";"Psychology (miscellaneous) (Q1)";"Psychology"
14;15392;"Journal of Business and Psychology";journal;"1573353X, 08893268";2,517;Q1;91;103;166;9114;1389;163;5,72;88,49;United States;Northern America;"Kluwer Academic/Human Sciences Press Inc.";"1986-2022";"Applied Psychology (Q1); Business and International Management (Q1); Business, Management and Accounting (miscellaneous) (Q1); Psychology (miscellaneous) (Q1)";"Business, Management and Accounting; Psychology"
15;19419;"Computers in Human Behavior";journal;"07475632";2,464;Q1;226;371;1198;29423;14782;1171;12,27;79,31;United Kingdom;Western Europe;"Elsevier Ltd.";"1985-2023";"Arts and Humanities (miscellaneous) (Q1); Human-Computer Interaction (Q1); Psychology (miscellaneous) (Q1)";"Arts and Humanities; Computer Science; Psychology"
16;21100372442;"Current Opinion in Psychology";journal;"2352250X";2,130;Q1;73;288;532;15025;4091;514;6,92;52,17;United Kingdom;Western Europe;"Elsevier Ltd.";"2015-2022";"Psychology (miscellaneous) (Q1)";"Psychology"
17;15478;"Journal of Experimental Psychology: General";journal;"00963445, 19392222";2,023;Q1;178;224;496;15502;2489;494;4,32;69,21;United States;Northern America;"American Psychological Association";"1975-2022";"Developmental Neuroscience (Q1); Experimental and Cognitive Psychology (Q1); Medicine (miscellaneous) (Q1); Psychology (miscellaneous) (Q1)";"Medicine; Neuroscience; Psychology"
18;13563;"Educational and Psychological Measurement";journal;"00131644, 15523888";1,949;Q1;105;79;152;3549;705;152;3,52;44,92;United States;Northern America;"SAGE Publications Inc.";"1941-2022";"Applied Mathematics (Q1); Applied Psychology (Q1); Developmental and Educational Psychology (Q1); Education (Q1); Psychology (miscellaneous) (Q1)";"Mathematics; Psychology; Social Sciences"
19;14698;"Review of General Psychology";journal;"10892680, 19391552";1,829;Q1;112;41;84;4614;535;83;4,75;112,54;United States;Northern America;"American Psychological Association";"1997-2022";"Psychology (miscellaneous) (Q1)";"Psychology"
20;12859;"Cognition and Instruction";journal;"1532690X, 07370008";1,731;Q1;91;28;61;1989;334;58;5,43;71,04;United Kingdom;Western Europe;"Routledge";"1984-2022";"Developmental and Educational Psychology (Q1); Education (Q1); Experimental and Cognitive Psychology (Q1); Psychology (miscellaneous) (Q1)";"Psychology; Social Sciences"
21;5800207373;"Journal of Positive Psychology";journal;"17439760, 17439779";1,701;Q1;92;134;242;7704;1410;239;5,42;57,49;United Kingdom;Western Europe;"Routledge";"2006-2022";"Psychology (miscellaneous) (Q1)";"Psychology"
22;14075;"Emotion";journal;"19311516, 15283542";1,670;Q1;161;234;429;14419;2098;429;4,73;61,62;United States;Northern America;"American Psychological Association";"2001-2022";"Medicine (miscellaneous) (Q1); Psychology (miscellaneous) (Q1)";"Medicine; Psychology"
23;12775;"British Journal of Psychology";journal;"20448295, 00071269";1,633;Q1;103;78;145;5179;700;130;4,95;66,40;United States;Northern America;"Wiley-Blackwell";"1949, 1953-2022";"Psychology (miscellaneous) (Q1)";"Psychology"
24;13268;"Scientific Studies of Reading";journal;"1532799X, 10888438";1,619;Q1;72;45;101;3014;448;99;3,65;66,98;United States;Northern America;"Routledge";"2004-2022";"Education (Q1); Psychology (miscellaneous) (Q1)";"Psychology; Social Sciences"
25;19900191715;"Wiley Interdisciplinary Reviews: Cognitive Science";journal;"19395086, 19395078";1,523;Q1;63;49;73;5956;396;73;4,51;121,55;United States;Northern America;"John Wiley &amp; Sons Inc.";"2010-2022";"Medicine (miscellaneous) (Q1); Neuroscience (miscellaneous) (Q1); Psychology (miscellaneous) (Q1)";"Medicine; Neuroscience; Psychology"
26;12773;"British Journal of Mathematical and Statistical Psychology";journal;"00071102, 20448317";1,490;Q1;56;33;95;1634;316;94;3,07;49,52;United States;Northern America;"Wiley-Blackwell";"1965-2022";"Arts and Humanities (miscellaneous) (Q1); Medicine (miscellaneous) (Q1); Psychology (miscellaneous) (Q1); Statistics and Probability (Q1)";"Arts and Humanities; Mathematics; Medicine; Psychology"
27;12825;"Canadian Psychology";journal;"07085591";1,464;Q1;62;66;106;5330;547;100;6,00;80,76;Canada;Northern America;"Canadian Psychological Association";"1986-1988, 1990-1991, 1993, 1996-2022";"Psychology (miscellaneous) (Q1)";"Psychology"
28;12807;"Personality and Individual Differences";journal;"01918869";1,463;Q1;193;547;1785;24087;9124;1769;5,27;44,03;United Kingdom;Western Europe;"Elsevier BV";"1980-2023";"Psychology (miscellaneous) (Q1)";"Psychology"
29;12159;"Body Image";journal;"17401445, 18736807";1,459;Q1;98;171;337;11963;2244;333;5,87;69,96;Netherlands;Western Europe;"Elsevier BV";"2004-2022";"Applied Psychology (Q1); Psychology (miscellaneous) (Q1); Social Psychology (Q1)";"Psychology"
30;27473;"Annals of Behavioral Medicine";journal;"15324796, 08836612";1,424;Q1;145;108;292;4759;1281;285;4,59;44,06;United States;Northern America;"Springer New York";"1987-2022";"Medicine (miscellaneous) (Q1); Psychiatry and Mental Health (Q1); Psychology (miscellaneous) (Q1)";"Medicine; Psychology"
31;14035;"Psychology of Women Quarterly";journal;"14716402, 03616843";1,417;Q1;106;37;103;2521;547;98;4,03;68,14;United Kingdom;Western Europe;"SAGE Publications Ltd";"1976-2022";"Arts and Humanities (miscellaneous) (Q1); Developmental and Educational Psychology (Q1); Gender Studies (Q1); Psychology (miscellaneous) (Q1)";"Arts and Humanities; Psychology; Social Sciences"
32;30073;"Journal of Research in Personality";journal;"00926566, 10957251";1,356;Q1;130;101;293;6815;1153;291;3,63;67,48;United States;Northern America;"Academic Press Inc.";"1973-2022";"Psychology (miscellaneous) (Q1); Social Psychology (Q1)";"Psychology"
33;14761;"International Journal of Stress Management";journal;"10725245, 15733424";1,336;Q1;68;42;102;2972;520;99;4,20;70,76;United States;Northern America;"American Psychological Association";"1994-2022";"Applied Psychology (Q1); Business, Management and Accounting (miscellaneous) (Q1); Education (Q1); Medicine (miscellaneous) (Q1); Psychology (miscellaneous) (Q1)";"Business, Management and Accounting; Medicine; Psychology; Social Sciences"
34;12300154709;"Asian Journal of Psychiatry";journal;"18762018, 18762026";1,326;Q1;55;313;1200;7988;5678;622;5,52;25,52;Netherlands;Western Europe;"Elsevier";"2008-2022";"Medicine (miscellaneous) (Q1); Psychiatry and Mental Health (Q1); Psychology (miscellaneous) (Q1)";"Medicine; Psychology"
35;14061;"Psychometrika";journal;"00333123, 18600980";1,308;Q1;84;73;144;4056;349;141;2,45;55,56;United States;Northern America;"Springer New York";"1936-2022";"Applied Mathematics (Q1); Psychology (miscellaneous) (Q1)";"Mathematics; Psychology"
36;14120;"European Psychologist";journal;"1878531X, 10169040";1,259;Q1;67;29;94;2425;403;86;4,05;83,62;United States;Northern America;"Hogrefe Publishing";"2003-2022";"Arts and Humanities (miscellaneous) (Q1); Psychology (miscellaneous) (Q1)";"Arts and Humanities; Psychology"
37;30084;"Journal of Sex Research";journal;"00224499, 15598519";1,250;Q1;124;176;305;11998;1468;300;4,47;68,17;United Kingdom;Western Europe;"Taylor and Francis Ltd.";"1965-2022";"Gender Studies (Q1); History and Philosophy of Science (Q1); Psychology (miscellaneous) (Q1); Sociology and Political Science (Q1)";"Arts and Humanities; Psychology; Social Sciences"
38;12834;"Journal of Research in Reading";journal;"14679817, 01410423";1,240;Q1;56;30;107;1434;376;107;2,68;47,80;United Kingdom;Western Europe;"Wiley-Blackwell Publishing Ltd";"1978-2022";"Developmental and Educational Psychology (Q1); Education (Q1); Psychology (miscellaneous) (Q1)";"Psychology; Social Sciences"
39;25987;"Social Networks";journal;"03788733";1,203;Q1;109;116;170;8304;607;170;3,41;71,59;Netherlands;Western Europe;"Elsevier BV";"1978-2023";"Anthropology (Q1); Psychology (miscellaneous) (Q1); Social Sciences (miscellaneous) (Q1); Sociology and Political Science (Q1)";"Psychology; Social Sciences"
40;29994;"Appetite";journal;"01956663, 10958304";1,187;Q1;168;476;1101;29430;6591;1091;6,32;61,83;United States;Northern America;"Academic Press Inc.";"1970, 1980-2023";"Nutrition and Dietetics (Q1); Psychology (miscellaneous) (Q1)";"Nursing; Psychology"
41;21100857520;"Collabra: Psychology";journal;"24747394";1,169;Q1;21;70;165;4083;503;165;2,66;58,33;United States;Northern America;"University of California Press";"2017-2022";"Psychology (miscellaneous) (Q1)";"Psychology"
42;16664;"Journal of Behavioral Medicine";journal;"15733521, 01607715";1,141;Q1;104;140;280;7351;982;271;3,58;52,51;United States;Northern America;"Springer New York";"1978-2022";"Psychiatry and Mental Health (Q1); Psychology (miscellaneous) (Q1)";"Medicine; Psychology"
43;15330;"Thinking and Reasoning";journal;"14640708, 13546783";1,128;Q1;53;40;70;2571;265;67;3,56;64,28;United Kingdom;Western Europe;"Taylor and Francis Ltd.";"1995, 2000-2022";"Experimental and Cognitive Psychology (Q1); Philosophy (Q1); Psychology (miscellaneous) (Q1)";"Arts and Humanities; Psychology"
44;29471;"American Journal of Orthopsychiatry";journal;"19390025, 00029432";1,107;Q1;105;72;221;4294;833;218;3,87;59,64;United States;Northern America;"American Orthopsychiatric Association Inc.";"1930-2022";"Arts and Humanities (miscellaneous) (Q1); Developmental and Educational Psychology (Q1); Psychiatry and Mental Health (Q1); Psychology (miscellaneous) (Q1)";"Arts and Humanities; Medicine; Psychology"
45;21101081717;"Methods in Psychology";journal;"25902601";1,105;Q1;8;11;54;500;164;53;3,12;45,45;Netherlands;Western Europe;"Elsevier BV";"2019-2022";"Psychology (miscellaneous) (Q1)";"Psychology"
46;29452;"Aggressive Behavior";journal;"10982337, 0096140X";1,103;Q1;104;57;176;3509;674;171;3,25;61,56;United States;Northern America;"Wiley-Liss Inc.";"1974-2022";"Arts and Humanities (miscellaneous) (Q1); Developmental and Educational Psychology (Q1); Psychology (miscellaneous) (Q1)";"Arts and Humanities; Psychology"
47;13378;"Psicothema";journal;"02149915, 1886144X";1,097;Q1;76;69;207;3603;883;207;3,73;52,22;Spain;Western Europe;"Colegio Oficial de Psicologos Asturias";"1996-2022";"Psychology (miscellaneous) (Q1)";"Psychology"
48;13456;"Psychological Inquiry";journal;"15327965, 1047840X";1,088;Q1;94;37;119;2045;319;64;3,10;55,27;United States;Northern America;"Routledge";"1990-1996, 1998-2022";"Psychology (miscellaneous) (Q1)";"Psychology"
49;21100873453;"Palgrave Communications";journal;"20551045";1,086;Q1;38;0;260;0;1570;236;4,23;0,00;United Kingdom;Western Europe;"Palgrave Macmillan Ltd.";"2015-2020";"Arts and Humanities (miscellaneous) (Q1); Economics, Econometrics and Finance (miscellaneous) (Q1); Psychology (miscellaneous) (Q1); Social Sciences (miscellaneous) (Q1)";"Arts and Humanities; Economics, Econometrics and Finance; Psychology; Social Sciences"
50;15503;"Journal of Family Psychology";journal;"08933200, 19391293";1,069;Q1;135;153;346;7984;1176;345;2,56;52,18;United States;Northern America;"American Psychological Association";"1990-2022";"Psychology (miscellaneous) (Q1)";"Psychology"
51;21100830172;"Psychology of Sexual Orientation and Gender Diversity";journal;"23290382, 23290390";1,061;Q1;41;89;167;5593;691;162;3,20;62,84;United States;Northern America;"American Psychological Association";"2014-2022";"Gender Studies (Q1); Psychology (miscellaneous) (Q1)";"Psychology; Social Sciences"
52;27562;"Archives of Sexual Behavior";journal;"15732800, 00040002";1,038;Q1;127;355;796;22826;2920;625;3,46;64,30;United States;Northern America;"Springer New York";"1971-2022";"Arts and Humanities (miscellaneous) (Q1); Psychology (miscellaneous) (Q1)";"Arts and Humanities; Psychology"
53;19664;"Criminal Justice and Behavior";journal;"15523594, 00938548";1,033;Q1;106;94;274;5963;942;271;2,93;63,44;United States;Northern America;"SAGE Publications Inc.";"1974-2022";"Law (Q1); Pathology and Forensic Medicine (Q1); Psychology (miscellaneous) (Q1)";"Medicine; Psychology; Social Sciences"
54;145172;"Behavioral Sleep Medicine";journal;"15402010, 15402002";1,022;Q1;58;88;197;4372;797;197;3,81;49,68;United States;Northern America;"Routledge";"2003-2022";"Medicine (miscellaneous) (Q1); Neurology (clinical) (Q1); Psychology (miscellaneous) (Q1); Neuroscience (miscellaneous) (Q2)";"Medicine; Neuroscience; Psychology"
55;29972;"Journal of Homosexuality";journal;"15403602, 00918369";0,997;Q1;84;265;328;15438;1268;320;3,66;58,26;United States;Northern America;"Routledge";"1974, 1976-2022";"Education (Q1); Gender Studies (Q1); Medicine (miscellaneous) (Q1); Psychology (miscellaneous) (Q1); Social Psychology (Q1)";"Medicine; Psychology; Social Sciences"
56;12028;"Applied Psychological Measurement";journal;"01466216, 15523497";0,981;Q1;70;48;121;1478;213;120;1,17;30,79;United States;Northern America;"SAGE Publications Inc.";"1977-2022";"Psychology (miscellaneous) (Q1); Social Sciences (miscellaneous) (Q1)";"Psychology; Social Sciences"
57;12740;"New Ideas in Psychology";journal;"0732118X";0,979;Q1;48;34;141;2547;444;113;2,84;74,91;United Kingdom;Western Europe;"Elsevier BV";"1983-2023";"History and Philosophy of Science (Q1); Psychology (miscellaneous) (Q1)";"Arts and Humanities; Psychology"
58;14799;"Sexual Abuse: Journal of Research and Treatment";journal;"10790632, 1573286X";0,978;Q1;82;45;130;3197;482;128;3,27;71,04;United States;Northern America;"SAGE Publications Inc.";"1988-1993, 1995-2022";"Psychology (miscellaneous) (Q1); Psychiatry and Mental Health (Q2)";"Medicine; Psychology"
59;15398;"Journal of Career Assessment";journal;"10690727, 15524590";0,975;Q1;71;63;120;4266;537;120;3,86;67,71;United States;Northern America;"SAGE Publications Inc.";"1993-2022";"Organizational Behavior and Human Resource Management (Q1); Psychology (miscellaneous) (Q1); Applied Psychology (Q2)";"Business, Management and Accounting; Psychology"
60;25677;"Journal of Child Language";journal;"03050009, 14697602";0,972;Q1;81;88;177;4860;492;175;2,83;55,23;United Kingdom;Western Europe;"Cambridge University Press";"1974-2022";"Linguistics and Language (Q1); Psychology (miscellaneous) (Q1); Developmental and Educational Psychology (Q2); Experimental and Cognitive Psychology (Q2)";"Psychology; Social Sciences"
61;5700184957;"Methodology";journal;"16142241, 16141881";0,968;Q1;35;18;56;493;128;55;2,00;27,39;United States;Northern America;"Hogrefe Publishing";"2005-2022";"Psychology (miscellaneous) (Q1); Social Sciences (miscellaneous) (Q1)";"Psychology; Social Sciences"
62;14172;"Feminism and Psychology";journal;"14617161, 09593535";0,966;Q1;62;38;81;2076;274;77;2,37;54,63;United Kingdom;Western Europe;"SAGE Publications Ltd";"1991-2022";"Arts and Humanities (miscellaneous) (Q1); Gender Studies (Q1); Psychology (miscellaneous) (Q1)";"Arts and Humanities; Psychology; Social Sciences"
63;5700181569;"Journal of Gambling Studies";journal;"10505350, 15733602";0,951;Q1;88;126;242;6809;871;242;3,26;54,04;United States;Northern America;"Springer International Publishing AG";"1990-2022";"Psychology (miscellaneous) (Q1); Sociology and Political Science (Q1)";"Psychology; Social Sciences"
64;25319;"Journal of Psychoactive Drugs";journal;"02791072";0,946;Q1;67;105;165;5154;691;164;3,83;49,09;United Kingdom;Western Europe;"Taylor and Francis Ltd.";"1967-1972, 1974-2022";"Medicine (miscellaneous) (Q1); Psychology (miscellaneous) (Q1)";"Medicine; Psychology"
65;17545;"Law and Human Behavior";journal;"01477307, 1573661X";0,940;Q1;105;33;116;1663;416;114;2,91;50,39;United States;Northern America;"Springer New York";"1977-2022";"Arts and Humanities (miscellaneous) (Q1); Law (Q1); Psychology (miscellaneous) (Q1); Psychiatry and Mental Health (Q2)";"Arts and Humanities; Medicine; Psychology; Social Sciences"
66;14896;"International Journal of Psychology";journal;"1464066X, 00207594";0,922;Q1;73;81;316;2932;1064;315;3,47;36,20;United States;Northern America;"Wiley-Blackwell";"1966-2022";"Arts and Humanities (miscellaneous) (Q1); Medicine (miscellaneous) (Q1); Psychology (miscellaneous) (Q1)";"Arts and Humanities; Medicine; Psychology"
67;19700175787;"Psychology Research and Behavior Management";journal;"11791578";0,920;Q1;42;284;422;17497;1910;409;4,20;61,61;New Zealand;Pacific Region;"Dove Medical Press Ltd.";"2017-2022";"Psychology (miscellaneous) (Q1); Psychiatry and Mental Health (Q2)";"Medicine; Psychology"
68;21100464683;"BMC psychology";journal;"20507283";0,906;Q1;34;317;420;17527;1674;420;3,67;55,29;United Kingdom;Western Europe;"BioMed Central Ltd.";"2013-2022";"Medicine (miscellaneous) (Q1); Psychology (miscellaneous) (Q1)";"Medicine; Psychology"
69;5800179627;"Self and Identity";journal;"15298868";0,906;Q1;55;48;147;3151;394;144;2,69;65,65;United Kingdom;Western Europe;"Taylor and Francis Ltd.";"2006-2022";"Psychology (miscellaneous) (Q1)";"Psychology"
70;21100933316;"Journal for Person-Oriented Research";journal;"20030177, 20020244";0,904;Q1;6;7;26;327;62;25;2,67;46,71;Sweden;Western Europe;"Lundh Research Foundation";"2019-2022";"Psychology (miscellaneous) (Q1); Applied Psychology (Q2)";"Psychology"
71;19900192615;"Cyberpsychology";journal;"18027962";0,903;Q2;32;50;89;3526;386;87;3,06;70,52;Czech Republic;Eastern Europe;"Masaryk University Press";"2011-2022";"Communication (Q1); Social Sciences (miscellaneous) (Q1); Psychology (miscellaneous) (Q2)";"Psychology; Social Sciences"
72;14788;"Human Performance";journal;"08959285, 15327043";0,893;Q2;78;17;52;1517;166;52;2,73;89,24;United States;Northern America;"Taylor and Francis Ltd.";"1988-2022";"Applied Psychology (Q2); Organizational Behavior and Human Resource Management (Q2); Psychology (miscellaneous) (Q2)";"Business, Management and Accounting; Psychology"
73;12819;"Canadian Journal of Behavioural Science";journal;"0008400X, 18792669";0,892;Q2;60;76;134;4209;483;134;3,53;55,38;United States;Northern America;"Canadian Psychological Association";"1973-1978, 1981, 1990, 1992-1993, 1996-2022";"Psychology (miscellaneous) (Q2)";"Psychology"
74;21100216571;"Frontiers in Psychology";journal;"16641078";0,891;Q2;157;8398;12914;546237;55251;12463;3,91;65,04;Switzerland;Western Europe;"Frontiers Media S.A.";"2010-2022";"Psychology (miscellaneous) (Q2)";"Psychology"
75;4000149409;"Quarterly Journal of Experimental Psychology";journal;"17470218, 17470226";0,877;Q2;88;257;559;16223;1239;556;2,16;63,12;United Kingdom;Western Europe;"SAGE Publications Inc.";"2006-2022";"Medicine (miscellaneous) (Q1); Neuropsychology and Physiological Psychology (Q1); Experimental and Cognitive Psychology (Q2); Physiology (Q2); Physiology (medical) (Q2); Psychology (miscellaneous) (Q2)";"Biochemistry, Genetics and Molecular Biology; Medicine; Psychology"
76;30072;"Journal of Reproductive and Infant Psychology";journal;"1469672X, 02646838";0,873;Q2;54;101;147;4238;513;133;3,48;41,96;United Kingdom;Western Europe;"Routledge";"1983-2022";"Obstetrics and Gynecology (Q1); Pediatrics, Perinatology and Child Health (Q1); Reproductive Medicine (Q1); Psychology (miscellaneous) (Q2)";"Medicine; Psychology"
77;19700188900;"Social Psychology";journal;"18649335, 21512590";0,866;Q2;43;32;102;1594;260;100;1,80;49,81;Germany;Western Europe;"Hogrefe Publishing GmbH &amp; Co. KG";"2008-2022";"Arts and Humanities (miscellaneous) (Q1); Sociology and Political Science (Q1); Psychology (miscellaneous) (Q2); Social Psychology (Q2)";"Arts and Humanities; Psychology; Social Sciences"
78;66374;"Journal of Educational Measurement";journal;"00220655";0,840;Q2;55;35;94;1274;147;84;1,24;36,40;United Kingdom;Western Europe;"Wiley-Blackwell Publishing Ltd";"1964-2022";"Education (Q1); Applied Psychology (Q2); Developmental and Educational Psychology (Q2); Psychology (miscellaneous) (Q2)";"Psychology; Social Sciences"
79;21100840179;"Qualitative Psychology";journal;"23263601, 23263598";0,840;Q2;21;15;96;731;284;85;3,77;48,73;United States;Northern America;"American Psychological Association";"2014-2022";"Psychology (miscellaneous) (Q2)";"Psychology"
80;12082;"Australian Journal of Psychology";journal;"00049530, 17429536";0,827;Q2;46;22;132;1102;458;129;3,11;50,09;United States;Northern America;"Routledge";"1949-2022";"Psychology (miscellaneous) (Q2)";"Psychology"
81;24842;"International Journal of Selection and Assessment";journal;"14682389, 0965075X";0,827;Q2;69;45;109;3051;314;108;2,44;67,80;United Kingdom;Western Europe;"Wiley-Blackwell Publishing Ltd";"1993-2022";"Business, Management and Accounting (miscellaneous) (Q1); Applied Psychology (Q2); Management of Technology and Innovation (Q2); Psychology (miscellaneous) (Q2); Strategy and Management (Q2)";"Business, Management and Accounting; Psychology"
82;26843;"International Journal for the Psychology of Religion, The";journal;"10508619";0,823;Q2;36;27;65;1814;167;59;2,43;67,19;United States;Northern America;"Routledge";"1991-1995, 2007-2022";"Religious Studies (Q1); Psychology (miscellaneous) (Q2)";"Arts and Humanities; Psychology"
83;15300154836;"Zeitschrift fur Psychologie / Journal of Psychology";journal;"21512604, 21908370";0,823;Q2;45;34;102;1846;247;97;1,82;54,29;Germany;Western Europe;"Hogrefe Publishing";"2011-2022";"Arts and Humanities (miscellaneous) (Q1); Psychology (miscellaneous) (Q2)";"Arts and Humanities; Psychology"
84;18011;"Neuropsychological Rehabilitation";journal;"14640694, 09602011";0,818;Q2;82;172;275;10208;969;273;3,27;59,35;United Kingdom;Western Europe;"Taylor and Francis Ltd.";"1991-2022";"Arts and Humanities (miscellaneous) (Q1); Rehabilitation (Q1); Applied Psychology (Q2); Neuropsychology and Physiological Psychology (Q2); Psychology (miscellaneous) (Q2)";"Arts and Humanities; Medicine; Psychology"
85;18654;"Applied Psycholinguistics";journal;"14691817, 01427164";0,801;Q2;95;50;177;3690;410;173;2,20;73,80;United Kingdom;Western Europe;"Cambridge University Press";"1980-2022";"Linguistics and Language (Q1); Experimental and Cognitive Psychology (Q2); Psychology (miscellaneous) (Q2)";"Psychology; Social Sciences"
86;30064;"Journal of Psychology: Interdisciplinary and Applied";journal;"19401019, 00223980";0,791;Q2;73;33;125;2345;449;122;2,64;71,06;United States;Northern America;"Routledge";"1936-1959, 1962-2022";"Business, Management and Accounting (miscellaneous) (Q1); Education (Q1); Psychology (miscellaneous) (Q2)";"Business, Management and Accounting; Psychology; Social Sciences"
87;21100945900;"Health Psychology and Behavioral Medicine";journal;"21642850";0,771;Q2;12;65;108;3475;328;107;2,80;53,46;United Kingdom;Western Europe;"Taylor and Francis Ltd.";"2018-2022";"Health (social science) (Q1); Behavioral Neuroscience (Q2); Psychology (miscellaneous) (Q2)";"Neuroscience; Psychology; Social Sciences"
88;15568;"Journal of Mathematical Psychology";journal;"10960880, 00222496";0,766;Q2;76;33;180;1640;361;172;1,96;49,70;United States;Northern America;"Academic Press Inc.";"1964-2022";"Applied Mathematics (Q2); Psychology (miscellaneous) (Q2)";"Mathematics; Psychology"
89;21101081716;"Current Research in Behavioral Sciences";journal;"26665182";0,748;Q2;11;21;59;1054;391;59;6,63;50,19;Netherlands;Western Europe;"Elsevier BV";"2020-2022";"Behavioral Neuroscience (Q2); Psychology (miscellaneous) (Q2)";"Neuroscience; Psychology"
90;21101051829;"Psychology of Popular Media";journal;"26896575, 26896567";0,745;Q2;21;90;187;4515;557;180;3,31;50,17;United States;Northern America;"American Psychological Association";"2020-2022";"Communication (Q1); Cultural Studies (Q1); Applied Psychology (Q2); Psychology (miscellaneous) (Q2)";"Psychology; Social Sciences"
91;14420;"Journal of Career Development";journal;"08948453, 15733548";0,739;Q2;52;124;162;7001;589;161;3,41;56,46;United States;Northern America;"SAGE Publications Inc.";"1972-1973, 1975-2022";"Education (Q1); Applied Psychology (Q2); Organizational Behavior and Human Resource Management (Q2); Psychology (miscellaneous) (Q2)";"Business, Management and Accounting; Psychology; Social Sciences"
92;12059;"Memory";journal;"14640686, 09658211";0,726;Q2;100;120;340;6642;742;336;2,06;55,35;United Kingdom;Western Europe;"Taylor and Francis Ltd.";"1993-2022";"Arts and Humanities (miscellaneous) (Q1); Psychology (miscellaneous) (Q2)";"Arts and Humanities; Psychology"
93;21101018925;"Humanities and Social Sciences Communications";journal;"26629992";0,705;Q2;21;445;485;25570;1849;461;3,81;57,46;United States;Northern America;"Springer Nature";"2020-2022";"Arts and Humanities (miscellaneous) (Q1); Business, Management and Accounting (miscellaneous) (Q1); Economics, Econometrics and Finance (miscellaneous) (Q1); Social Sciences (miscellaneous) (Q1); Psychology (miscellaneous) (Q2)";"Arts and Humanities; Business, Management and Accounting; Economics, Econometrics and Finance; Psychology; Social Sciences"
94;145332;"Identity";journal;"15283488, 1532706X";0,700;Q2;36;28;66;1512;150;64;2,55;54,00;United Kingdom;Western Europe;"Psychology Press Ltd";"2005-2022";"Anthropology (Q1); Sociology and Political Science (Q1); Psychology (miscellaneous) (Q2)";"Psychology; Social Sciences"
95;5800179597;"Training and Education in Professional Psychology";journal;"19313918";0,693;Q2;39;63;134;2588;330;131;2,34;41,08;United States;Northern America;"American Psychological Association";"2007-2022";"Education (Q1); Psychology (miscellaneous) (Q2)";"Psychology; Social Sciences"
96;12084;"Australian Psychologist";journal;"00050067, 17429544";0,692;Q2;52;40;154;1832;377;147;2,29;45,80;United States;Northern America;"Routledge";"1966-2022";"Arts and Humanities (miscellaneous) (Q1); Psychology (miscellaneous) (Q2)";"Arts and Humanities; Psychology"
97;14775;"Scandinavian Journal of Psychology";journal;"14679450, 00365564";0,685;Q2;81;88;263;5385;724;260;2,56;61,19;United Kingdom;Western Europe;"Wiley-Blackwell Publishing Ltd";"1960-2022";"Arts and Humanities (miscellaneous) (Q1); Developmental and Educational Psychology (Q2); Medicine (miscellaneous) (Q2); Psychology (miscellaneous) (Q2)";"Arts and Humanities; Medicine; Psychology"
98;13465;"Psychological Reports";journal;"00332941, 1558691X";0,684;Q2;78;360;407;23042;1242;405;2,93;64,01;United States;Northern America;"SAGE Publications Inc.";"1965-2022";"Psychology (miscellaneous) (Q2)";"Psychology"
99;16300154722;"Psychology of Music";journal;"17413087, 03057356";0,679;Q2;67;161;231;8978;616;230;2,46;55,76;United Kingdom;Western Europe;"SAGE Publications Ltd";"1973-2022";"Music (Q1); Psychology (miscellaneous) (Q2)";"Arts and Humanities; Psychology"
100;19700182730;"Asian American Journal of Psychology";journal;"19481985, 19481993";0,676;Q2;36;48;96;2967;217;94;1,82;61,81;United States;Northern America;"American Psychological Association";"2010-2022";"Psychology (miscellaneous) (Q2)";"Psychology"
101;13479;"Current Psychology";journal;"19364733, 10461310";0,661;Q2;54;2416;1892;153632;5295;1884;2,80;63,59;United States;Northern America;"Springer New York";"1981-1982, 1984-2022";"Psychology (miscellaneous) (Q2)";"Psychology"
102;6400153136;"BioPsychoSocial Medicine";journal;"17510759";0,645;Q2;35;27;84;908;249;83;2,17;33,63;United Kingdom;Western Europe;"BioMed Central Ltd.";"2007-2022";"Psychiatry and Mental Health (Q2); Psychology (miscellaneous) (Q2); Social Psychology (Q2); Biological Psychiatry (Q3)";"Medicine; Neuroscience; Psychology"
103;25493;"Cross-Cultural Research";journal;"15523578, 10693971";0,640;Q2;45;17;57;1216;161;57;2,89;71,53;United States;Northern America;"SAGE Publications Inc.";"1966-1984, 1986-2022";"Anthropology (Q1); Arts and Humanities (miscellaneous) (Q1); Psychology (miscellaneous) (Q2)";"Arts and Humanities; Psychology; Social Sciences"
104;16861;"Laterality";journal;"14640678, 1357650X";0,634;Q2;52;28;118;1622;233;106;1,73;57,93;United Kingdom;Western Europe;"Taylor and Francis Ltd.";"1996-2022";"Arts and Humanities (miscellaneous) (Q1); Medicine (miscellaneous) (Q2); Psychology (miscellaneous) (Q2)";"Arts and Humanities; Medicine; Psychology"
105;20500195402;"Psychology Learning and Teaching";journal;"14757257";0,629;Q2;16;23;76;1009;148;58;2,27;43,87;United Kingdom;Western Europe;"SAGE Publications Inc.";"2011-2022";"Education (Q2); Psychology (miscellaneous) (Q2)";"Psychology; Social Sciences"
106;19400157156;"Journal of Pacific Rim Psychology";journal;"18344909";0,628;-;21;22;102;1511;241;95;2,17;68,68;United Kingdom;Western Europe;"SAGE Publications Ltd";"2008-2022";"Social Psychology (Q2)";"Psychology"
107;13441;"Psychologica Belgica";journal;"00332879, 2054670X";0,626;Q2;36;20;77;1120;158;75;1,98;56,00;United Kingdom;Western Europe;"Ubiquity Press";"1975-2022";"Psychology (miscellaneous) (Q2)";"Psychology"
108;15272;"Spanish Journal of Psychology";journal;"19882904, 11387416";0,620;Q2;51;31;168;1957;393;167;2,40;63,13;United Kingdom;Western Europe;"Cambridge University Press";"1998-2022";"Linguistics and Language (Q1); Psychology (miscellaneous) (Q2)";"Psychology; Social Sciences"
109;23842;"Journal of Classification";journal;"01764268, 14321343";0,615;Q2;44;31;112;1342;208;103;1,91;43,29;United States;Northern America;"Springer New York";"1984-2022";"Library and Information Sciences (Q1); Mathematics (miscellaneous) (Q2); Psychology (miscellaneous) (Q2); Statistics, Probability and Uncertainty (Q2)";"Decision Sciences; Mathematics; Psychology; Social Sciences"
110;13194;"Career Development Quarterly";journal;"21610045, 08894019";0,611;Q2;58;26;78;1389;233;77;2,36;53,42;United States;Northern America;"Wiley-Blackwell";"1986-2022";"Applied Psychology (Q2); Organizational Behavior and Human Resource Management (Q2); Psychology (miscellaneous) (Q2)";"Business, Management and Accounting; Psychology"
111;13452;"Creativity Research Journal";journal;"15326934, 10400419";0,607;Q2;94;69;120;5694;393;118;3,25;82,52;United States;Northern America;"Routledge";"1988-1999, 2001-2022";"Visual Arts and Performing Arts (Q1); Developmental and Educational Psychology (Q2); Psychology (miscellaneous) (Q2)";"Arts and Humanities; Psychology"
112;16723;"Journal of Intellectual and Developmental Disability";journal;"13668250, 14699532";0,604;Q2;61;53;135;2331;349;130;1,96;43,98;United Kingdom;Western Europe;"Informa Healthcare";"1970-2015, 2017-2022";"Arts and Humanities (miscellaneous) (Q1); Education (Q2); Medicine (miscellaneous) (Q2); Psychology (miscellaneous) (Q2)";"Arts and Humanities; Medicine; Psychology; Social Sciences"
113;21100901748;"Behavioral Sciences";journal;"2076328X";0,597;Q2;39;516;530;32949;1586;529;2,98;63,85;Switzerland;Western Europe;"Multidisciplinary Digital Publishing Institute (MDPI)";"2011-2022";"Development (Q2); Ecology, Evolution, Behavior and Systematics (Q2); Psychology (miscellaneous) (Q2); Behavioral Neuroscience (Q3); Genetics (Q3)";"Agricultural and Biological Sciences; Biochemistry, Genetics and Molecular Biology; Neuroscience; Psychology; Social Sciences"
114;12797;"Journal of Educational and Psychological Consultation";journal;"10474412, 1532768X";0,595;Q2;37;33;65;1684;167;61;2,20;51,03;United States;Northern America;"Taylor and Francis Ltd.";"1990-2005, 2007-2022";"Developmental and Educational Psychology (Q2); Psychology (miscellaneous) (Q2)";"Psychology"
115;22496;"Journal of Psycholinguistic Research";journal;"15736555, 00906905";0,595;Q2;65;105;218;5403;474;214;2,15;51,46;United States;Northern America;"Springer New York";"1971-2022";"Linguistics and Language (Q1); Psychology (miscellaneous) (Q2); Experimental and Cognitive Psychology (Q3)";"Psychology; Social Sciences"
116;11700154377;"Journal of Individual Differences";journal;"21512299, 16140001";0,594;Q2;43;33;74;1407;160;74;1,49;42,64;United States;Northern America;"Hogrefe Publishing";"2005-2022";"Psychology (miscellaneous) (Q2); Biological Psychiatry (Q3)";"Neuroscience; Psychology"
117;16907;"Research on Social Work Practice";journal;"10497315, 15527581";0,586;Q2;70;124;240;7082;581;232;1,99;57,11;United States;Northern America;"SAGE Publications Inc.";"1991-2022";"Social Sciences (miscellaneous) (Q1); Sociology and Political Science (Q1); Psychology (miscellaneous) (Q2); Social Work (Q2)";"Psychology; Social Sciences"
118;15431;"Journal of comparative psychology (Washington, D.C. : 1983)";journal;"07357036, 19392087";0,581;Q2;89;26;156;1576;242;156;1,40;60,62;United States;Northern America;"American Psychological Association";"1983-2022";"Ecology, Evolution, Behavior and Systematics (Q2); Psychology (miscellaneous) (Q2)";"Agricultural and Biological Sciences; Psychology"
119;12833;"Journal of Psychoeducational Assessment";journal;"15575144, 07342829";0,572;Q2;56;73;225;3590;453;225;1,93;49,18;United States;Northern America;"SAGE Publications Inc.";"1983-2022";"Clinical Psychology (Q2); Education (Q2); Psychology (miscellaneous) (Q2)";"Psychology; Social Sciences"
120;14145;"Experimental Psychology";journal;"21905142, 16183169";0,563;Q2;61;30;106;1289;185;104;1,26;42,97;United States;Northern America;"Hogrefe Publishing";"1962, 1998-2022";"Arts and Humanities (miscellaneous) (Q1); Medicine (miscellaneous) (Q2); Psychology (miscellaneous) (Q2); Experimental and Cognitive Psychology (Q3)";"Arts and Humanities; Medicine; Psychology"
121;144977;"Homicide Studies";journal;"10887679";0,563;Q2;51;45;62;2574;138;59;1,72;57,20;United States;Northern America;"SAGE Publications Inc.";"1997-2022";"Law (Q1); Pathology and Forensic Medicine (Q2); Psychology (miscellaneous) (Q2)";"Medicine; Psychology; Social Sciences"
122;21100899439;"European Journal of Behavior Analysis";journal;"2377729X";0,558;Q2;19;12;53;635;72;47;1,14;52,92;United Kingdom;Western Europe;"Taylor and Francis Ltd.";"2000-2022";"Education (Q2); Psychology (miscellaneous) (Q2)";"Psychology; Social Sciences"
123;13541;"Dreaming";journal;"10530797, 15733351";0,556;Q2;41;46;79;2343;164;78;2,28;50,93;United States;Northern America;"American Psychological Association";"1996-2022";"Psychology (miscellaneous) (Q2)";"Psychology"
124;19900192612;"Europe's Journal of Psychology";journal;"18410413";0,551;Q2;33;35;132;2054;373;125;2,87;58,69;Romania;Eastern Europe;"Europe's Journal of Psychology";"2011-2022";"Psychology (miscellaneous) (Q2)";"Psychology"
125;14027;"Psychology, Crime and Law";journal;"14772744, 1068316X";0,545;Q2;66;136;163;9501;364;162;1,70;69,86;United Kingdom;Western Europe;"Routledge";"1994-2022";"Law (Q1); Pathology and Forensic Medicine (Q2); Psychology (miscellaneous) (Q2)";"Medicine; Psychology; Social Sciences"
126;21101062034;"Music and Science";journal;"20592043";0,544;Q2;13;27;92;2231;186;91;1,59;82,63;United Kingdom;Western Europe;"SAGE Publications Ltd";"2018-2022";"History and Philosophy of Science (Q1); Music (Q1); Psychology (miscellaneous) (Q2)";"Arts and Humanities; Psychology"
127;30408;"American Indian and Alaska Native Mental Health Research";journal;"15337731, 08935394";0,543;Q2;27;22;39;977;73;37;0,95;44,41;United States;Northern America;"University Press of Colorado";"1987-1990, 1992-2022";"Anthropology (Q1); History (Q1); Education (Q2); Medicine (miscellaneous) (Q2); Psychology (miscellaneous) (Q2); Psychiatry and Mental Health (Q3)";"Arts and Humanities; Medicine; Psychology; Social Sciences"
128;15418;"Women and Therapy";journal;"02703149, 15410315";0,538;Q2;34;21;82;892;173;79;2,22;42,48;United States;Northern America;"Routledge";"1982-1999, 2001-2022";"Gender Studies (Q2); Psychology (miscellaneous) (Q2)";"Psychology; Social Sciences"
129;15270;"South African Journal of Psychology";journal;"00812463, 2078208X";0,522;Q2;39;60;156;2466;292;129;2,12;41,10;United States;Northern America;"SAGE Publications Inc.";"1979-2022";"Psychology (miscellaneous) (Q2)";"Psychology"
130;15435;"Journal of Consciousness Studies";journal;"20512201, 13558250";0,521;Q2;72;66;234;3081;293;217;0,78;46,68;United Kingdom;Western Europe;"Imprint Academic";"1996-2022";"Philosophy (Q1); Ecology, Evolution, Behavior and Systematics (Q2); Psychology (miscellaneous) (Q2); Artificial Intelligence (Q3)";"Agricultural and Biological Sciences; Arts and Humanities; Computer Science; Psychology"
131;29523;"Annee Psychologique";journal;"00035033";0,511;Q2;27;24;61;2016;94;59;2,08;84,00;France;Western Europe;"Editions NecPlus";"1952-1961, 1964-1984, 1995-2022";"Arts and Humanities (miscellaneous) (Q2); Psychology (miscellaneous) (Q2)";"Arts and Humanities; Psychology"
132;14095;"Ethics and Behavior";journal;"15327019, 10508422";0,494;Q2;49;83;124;5417;326;113;2,61;65,27;United States;Northern America;"Routledge";"1991-2022";"Psychology (miscellaneous) (Q2); Social Psychology (Q3)";"Psychology"
133;13339;"Professional Psychology: Research and Practice";journal;"19391323, 07357028";0,488;Q2;97;73;196;3750;359;191;1,54;51,37;United States;Northern America;"American Psychological Association";"1969-2022";"Psychology (miscellaneous) (Q2)";"Psychology"
134;21100409888;"PsyCh Journal";journal;"20460260";0,488;Q2;20;117;217;6236;410;213;1,78;53,30;United Kingdom;Western Europe;"John Wiley and Sons Ltd";"2014-2022";"Psychology (miscellaneous) (Q2)";"Psychology"
135;21101039082;"Scandinavian Journal of Work and Organizational Psychology";journal;"20022867";0,475;Q2;6;13;31;794;63;31;1,57;61,08;Sweden;Western Europe;"Stockholm University Press";"2019-2022";"Psychology (miscellaneous) (Q2)";"Psychology"
136;12062;"International Journal for the Advancement of Counselling";journal;"01650653, 15733246";0,473;Q2;33;45;106;2508;207;105;1,91;55,73;United States;Northern America;"Springer New York";"1978-1996, 1998-2022";"Education (Q2); Psychology (miscellaneous) (Q2); Applied Psychology (Q3)";"Psychology; Social Sciences"
137;14980;"Humor";journal;"16133722, 09331719";0,470;Q2;50;31;97;1678;144;92;1,78;54,13;Germany;Western Europe;"De Gruyter Mouton";"1988-2022";"Linguistics and Language (Q1); Psychology (miscellaneous) (Q2); Sociology and Political Science (Q2)";"Psychology; Social Sciences"
138;13464;"Psychological Record";journal;"00332933, 21633452";0,465;Q2;56;60;151;2732;236;149;1,37;45,53;Switzerland;Western Europe;"Springer International Publishing AG";"1973-1975, 1989-1990, 1996-2022";"Arts and Humanities (miscellaneous) (Q2); Psychology (miscellaneous) (Q2)";"Arts and Humanities; Psychology"
139;21100456834;"Counseling Outcome Research and Evaluation";journal;"21501378, 21501386";0,454;Q2;11;15;32;503;51;30;1,74;33,53;United Kingdom;Western Europe;"Taylor and Francis Ltd.";"2014-2022";"Psychology (miscellaneous) (Q2)";"Psychology"
140;5700169289;"Journal of Sexual Aggression";journal;"17426545, 13552600";0,452;Q2;40;49;77;3153;139;74;1,80;64,35;United Kingdom;Western Europe;"Taylor and Francis Ltd.";"1994, 1996-1997, 1999-2022";"Psychology (miscellaneous) (Q2); Applied Psychology (Q3); Psychiatry and Mental Health (Q3); Behavioral Neuroscience (Q4)";"Medicine; Neuroscience; Psychology"
141;30046;"Journal of Phenomenological Psychology";journal;"15691624, 00472662";0,451;Q2;23;8;24;332;25;24;0,88;41,50;Netherlands;Western Europe;"Brill Academic Publishers";"1970-2022";"Psychology (miscellaneous) (Q2)";"Psychology"
142;12823;"Canadian Journal of Human Sexuality";journal;"22917063, 11884517";0,445;Q2;39;37;101;2045;150;99;1,32;55,27;Canada;Northern America;"SIECCAN";"1994, 1996-2022";"Psychology (miscellaneous) (Q2); Psychiatry and Mental Health (Q3)";"Medicine; Psychology"
143;16800154737;"Archive for the Psychology of Religion";journal;"00846724, 15736121";0,442;Q3;19;12;57;868;96;50;1,37;72,33;Netherlands;Western Europe;"Brill Academic Publishers";"1914, 1921, 1929, 1936, 1964, 1967, 1976, 1980, 1982-1983, 1985, 1988, 1990, 1992, 1997, 2000, 2003-2022";"Philosophy (Q1); Religious Studies (Q1); Psychology (miscellaneous) (Q3)";"Arts and Humanities; Psychology"
144;19200156918;"Anales de Psicologia";journal;"16952294, 02129728";0,428;Q3;39;57;179;3190;371;175;1,87;55,96;Spain;Western Europe;"Universidad de Murcia Servicio de Publicaciones";"2008-2022";"Psychology (miscellaneous) (Q3)";"Psychology"
145;19500157012;"Journal of Theoretical and Philosophical Psychology";journal;"10688471";0,428;Q3;27;22;66;1381;78;53;0,98;62,77;United States;Northern America;"American Psychological Association";"1986-2022";"Philosophy (Q1); Psychology (miscellaneous) (Q3)";"Arts and Humanities; Psychology"
146;21100416194;"Estudos de Psicologia (Campinas)";journal;"19820275, 0103166X";0,424;Q3;15;34;107;1218;195;106;2,45;35,82;Brazil;Latin America;"Pontificia Universidade Catolica de Campinas";"2015-2022";"Psychology (miscellaneous) (Q3)";"Psychology"
147;21100228948;"TPM - Testing, Psychometrics, Methodology in Applied Psychology";journal;"19726325";0,424;Q3;25;31;103;1641;137;99;0,77;52,94;Italy;Western Europe;"Cises Srl";"2005, 2007-2022";"Applied Psychology (Q3); Psychology (miscellaneous) (Q3); Social Psychology (Q3)";"Psychology"
148;70451;"Consulting Psychology Journal";journal;"10659293";0,421;Q3;50;20;66;1492;101;62;1,20;74,60;United States;Northern America;"American Psychological Association";"1993-2022";"Applied Psychology (Q3); Developmental and Educational Psychology (Q3); Psychology (miscellaneous) (Q3)";"Psychology"
149;14958;"Criminal Behaviour and Mental Health";journal;"09579664, 14712857";0,416;Q3;59;38;110;1412;157;87;0,90;37,16;United States;Northern America;"Wiley-Blackwell";"1992-2022";"Medicine (miscellaneous) (Q3); Pathology and Forensic Medicine (Q3); Psychiatry and Mental Health (Q3); Psychology (miscellaneous) (Q3)";"Medicine; Psychology"
150;21100229214;"Malaysian Journal of Learning and Instruction";journal;"21802483, 16758110";0,416;Q3;14;19;62;1095;124;62;2,02;57,63;Malaysia;Asiatic Region;"Universiti Utara Malaysia Press";"2006, 2010, 2012-2022";"Cultural Studies (Q1); Education (Q2); Developmental and Educational Psychology (Q3); Psychology (miscellaneous) (Q3)";"Psychology; Social Sciences"
151;21101060896;"European Journal of Psychology Open";journal;"26738627";0,414;Q3;36;11;42;424;71;38;1,48;38,55;Germany;Western Europe;"Hogrefe-Verlag GmbH and Co. KG";"2021-2022";"Psychology (miscellaneous) (Q3)";"Psychology"
152;21101052704;"Journal of Health and Social Sciences";journal;"24995886, 24992240";0,409;Q3;11;33;125;1727;279;112;2,76;52,33;Italy;Western Europe;"SIPISS- Edizioni FS Publishers";"2021-2022";"Health Policy (Q3); Health (social science) (Q3); Psychology (miscellaneous) (Q3); Public Health, Environmental and Occupational Health (Q3)";"Medicine; Psychology; Social Sciences"
153;12693;"Military Psychology";journal;"15327876, 08995605";0,409;Q3;49;110;147;5584;209;145;1,24;50,76;United Kingdom;Western Europe;"Taylor and Francis Ltd.";"1990, 1996-2022";"Social Sciences (miscellaneous) (Q2); Experimental and Cognitive Psychology (Q3); Psychology (miscellaneous) (Q3)";"Psychology; Social Sciences"
154;15324;"Theory and Psychology";journal;"14617447, 09593543";0,407;Q3;59;59;185;3285;249;169;1,20;55,68;United Kingdom;Western Europe;"SAGE Publications Ltd";"1991-2022";"History and Philosophy of Science (Q1); Psychology (miscellaneous) (Q3)";"Arts and Humanities; Psychology"
155;15320;"Teaching of Psychology";journal;"00986283, 15328023";0,401;Q3;53;119;151;4475;224;145;1,17;37,61;United States;Northern America;"SAGE Publications Inc.";"1975-2022";"Education (Q2); Psychology (miscellaneous) (Q3)";"Psychology; Social Sciences"
156;21100774706;"Cogent Psychology";journal;"23311908";0,400;Q3;22;76;242;4003;436;242;1,75;52,67;United Kingdom;Western Europe;"Cogent OA";"2014-2022";"Psychology (miscellaneous) (Q3)";"Psychology"
157;40126;"Journal of Social Distress and the Homeless";journal;"1573658X, 10530789";0,397;Q3;24;0;44;0;76;44;0,50;0,00;United Kingdom;Western Europe;"Taylor and Francis Ltd.";"1992-2002, 2015-2020";"Health Professions (miscellaneous) (Q2); Social Sciences (miscellaneous) (Q2); Psychology (miscellaneous) (Q3)";"Health Professions; Psychology; Social Sciences"
158;5000155903;"Psicologia: Reflexao e Critica";journal;"01027972, 16787153";0,396;Q3;26;38;81;1952;155;81;1,59;51,37;Switzerland;Western Europe;"Springer International Publishing AG";"2006-2022";"Psychology (miscellaneous) (Q3)";"Psychology"
159;18728;"Psychiatry, Psychology and Law";journal;"19341687, 13218719";0,395;Q3;35;83;170;5351;255;164;1,57;64,47;United Kingdom;Western Europe;"Taylor and Francis Ltd.";"1994-2022";"Law (Q1); Pathology and Forensic Medicine (Q3); Psychiatry and Mental Health (Q3); Psychology (miscellaneous) (Q3)";"Medicine; Psychology; Social Sciences"
160;15367;"Journal for the Theory of Social Behaviour";journal;"14685914, 00218308";0,391;Q3;58;46;101;3156;152;88;1,63;68,61;United Kingdom;Western Europe;"Wiley-Blackwell Publishing Ltd";"1971-2022";"Philosophy (Q1); Psychology (miscellaneous) (Q3); Social Psychology (Q3)";"Arts and Humanities; Psychology"
161;14143;"Experimental Aging Research";journal;"10964657, 0361073X";0,386;Q3;55;59;91;3000;162;90;1,95;50,85;United Kingdom;Western Europe;"Taylor and Francis Ltd.";"1975-2022";"Arts and Humanities (miscellaneous) (Q2); Psychology (miscellaneous) (Q3); Aging (Q4); Geriatrics and Gerontology (Q4)";"Arts and Humanities; Biochemistry, Genetics and Molecular Biology; Medicine; Psychology"
162;21100330713;"Psychoanalytic Perspectives";journal;"1551806X, 21636958";0,385;Q3;11;32;117;815;46;108;0,44;25,47;United States;Northern America;"Routledge";"2003-2022";"Psychology (miscellaneous) (Q3)";"Psychology"
163;14065;"Measurement and Evaluation in Counseling and Development";journal;"07481756, 19476302";0,381;Q3;54;34;59;1857;132;59;2,36;54,62;United Kingdom;Western Europe;"Taylor and Francis Ltd.";"1996-2022";"Education (Q2); Applied Psychology (Q3); Developmental and Educational Psychology (Q3); Psychology (miscellaneous) (Q3)";"Psychology; Social Sciences"
164;15457;"Journal of Employment Counseling";journal;"21611920, 00220787";0,380;Q3;31;21;33;1110;65;33;1,86;52,86;United States;Northern America;"Wiley-Blackwell";"1964-2022";"Applied Psychology (Q3); Organizational Behavior and Human Resource Management (Q3); Psychology (miscellaneous) (Q3)";"Business, Management and Accounting; Psychology"
165;21101077288;"Scholarship of Teaching and Learning in Psychology";journal;"23322101, 2332211X";0,363;Q3;7;57;35;2375;51;34;1,46;41,67;United States;Northern America;"American Psychological Association";"2021-2022";"Education (Q3); Psychology (miscellaneous) (Q3)";"Psychology; Social Sciences"
166;21100943507;"Acta Psychologica Sinica";journal;"0439755X";0,362;Q3;9;111;267;6404;343;266;1,62;57,69;China;Asiatic Region;"Science Press";"2019-2022";"Psychology (miscellaneous) (Q3)";"Psychology"
167;14730;"Revista Latinoamericana de Psicologia";journal;"01200534";0,358;Q3;32;24;71;1126;110;71;1,15;46,92;Colombia;Latin America;"Konrad Lorenz Editores";"1980, 1984, 1992, 1996-2022";"Social Sciences (miscellaneous) (Q2); Psychology (miscellaneous) (Q3)";"Psychology; Social Sciences"
168;145569;"L1 Educational Studies in Language and Literature";journal;"15731731, 15676617";0,356;Q3;17;23;97;1567;95;96;0,61;68,13;Belgium;Western Europe;"International Association for Research in L1 Education (ARLE)";"2001-2022";"Linguistics and Language (Q1); Literature and Literary Theory (Q1); Health Professions (miscellaneous) (Q2); Education (Q3); Psychology (miscellaneous) (Q3)";"Arts and Humanities; Health Professions; Psychology; Social Sciences"
169;21100901172;"Military Behavioral Health";journal;"21635781, 21635803";0,355;Q3;14;50;134;2230;149;133;0,92;44,60;United Kingdom;Western Europe;"Taylor and Francis Ltd.";"2015-2022";"Social Sciences (miscellaneous) (Q2); Psychology (miscellaneous) (Q3)";"Psychology; Social Sciences"
170;145657;"Conflict Resolution Quarterly";journal;"15365581, 15411508";0,352;Q3;25;39;68;1549;70;58;0,60;39,72;United States;Northern America;"Wiley-Liss Inc.";"2005-2022";"Law (Q2); Psychology (miscellaneous) (Q3)";"Psychology; Social Sciences"
171;12002;"Journal of the History of the Behavioral Sciences";journal;"00225061, 15206696";0,349;Q3;28;32;61;2362;40;52;0,57;73,81;United States;Northern America;"John Wiley &amp; Sons Inc.";"1969-2022";"History (Q1); Psychology (miscellaneous) (Q3)";"Arts and Humanities; Psychology"
172;15302;"Studia Psychologica";journal;"00393320";0,349;Q3;22;27;68;1442;91;68;1,35;53,41;Slovakia;Eastern Europe;"Slovak Academic Press Ltd";"1996-2022";"Psychology (miscellaneous) (Q3)";"Psychology"
173;18300156711;"Advances in Cognitive Psychology";journal;"18951171";0,345;Q3;34;15;95;674;105;93;0,97;44,93;Poland;Eastern Europe;"University of Finance and Management";"2007-2022";"Applied Psychology (Q3); Clinical Psychology (Q3); Experimental and Cognitive Psychology (Q3); Psychiatry and Mental Health (Q3); Psychology (miscellaneous) (Q3); Neuroscience (miscellaneous) (Q4)";"Medicine; Neuroscience; Psychology"
174;25057;"Mathematical Social Sciences";journal;"01654896";0,343;Q3;40;55;186;1570;131;185;0,74;28,55;Netherlands;Western Europe;"Elsevier";"1980-2022";"Social Sciences (miscellaneous) (Q2); Sociology and Political Science (Q2); Psychology (miscellaneous) (Q3); Statistics, Probability and Uncertainty (Q3)";"Decision Sciences; Psychology; Social Sciences"
175;13972;"Psychological Studies";journal;"00332968, 09749861";0,343;Q3;14;59;140;3459;191;139;1,16;58,63;India;Asiatic Region;"Springer International Publishing AG";"1971, 1980, 1992, 2009, 2014-2022";"Medicine (miscellaneous) (Q3); Psychology (miscellaneous) (Q3)";"Medicine; Psychology"
176;30063;"Journal of Psychology and Theology";journal;"23281162, 00916471";0,342;Q3;38;44;75;1767;85;73;0,87;40,16;United States;Northern America;"Rosemead School of Psychology";"1990, 1992, 1996-2022";"Religious Studies (Q1); Psychology (miscellaneous) (Q3)";"Arts and Humanities; Psychology"
177;145109;"Australian and New Zealand Journal of Family Therapy";journal;"0814723X";0,331;Q3;23;37;98;1095;92;85;0,84;29,59;United Kingdom;Western Europe;"Australian Academic Press";"1979-1995, 2001-2003, 2005-2022";"Sociology and Political Science (Q2); Psychology (miscellaneous) (Q3)";"Psychology; Social Sciences"
178;5300152225;"Nordic Psychology";journal;"19012276";0,331;Q3;21;47;75;2148;87;63;1,12;45,70;United Kingdom;Western Europe;"Taylor and Francis Ltd.";"2006-2022";"Psychology (miscellaneous) (Q3)";"Psychology"
179;5800207553;"Linguistics in the Netherlands";journal;"09297332";0,329;Q3;16;18;44;407;17;43;0,17;22,61;Netherlands;Western Europe;"John Benjamins Publishing Company";"1996-2021";"Linguistics and Language (Q2); Multidisciplinary (Q2); Social Sciences (miscellaneous) (Q2); Health Professions (miscellaneous) (Q3); Psychology (miscellaneous) (Q3)";"Health Professions; Multidisciplinary; Psychology; Social Sciences"
180;21101037131;"Advances in Neurodevelopmental Disorders";journal;"23667532, 23667540";0,328;Q3;13;71;136;3672;165;130;1,08;51,72;Netherlands;Western Europe;"Springer Science and Business Media Deutschland GmbH";"2017-2022";"Social Sciences (miscellaneous) (Q2); Psychology (miscellaneous) (Q3)";"Psychology; Social Sciences"
181;18083;"Sociological Focus";journal;"00380237, 21621128";0,324;Q3;30;23;71;1632;93;70;0,50;70,96;United States;Northern America;"Taylor and Francis Inc.";"1970-1984, 1987-2013, 2015-2022";"Social Sciences (miscellaneous) (Q2); Psychology (miscellaneous) (Q3)";"Psychology; Social Sciences"
182;21100466462;"Revista Iberoamericana de Psicologia y Salud";journal;"21712069, 19899246";0,323;Q3;14;10;29;511;60;29;2,41;51,10;Spain;Western Europe;"Elsevier Doyma";"2016-2022";"Psychology (miscellaneous) (Q3)";"Psychology"
183;5300152520;"Papeles del Psicologo";journal;"02147823";0,322;Q3;26;18;80;1003;107;76;1,30;55,72;Spain;Western Europe;"Colegio Oficial de Psicologos Asturias";"2007-2022";"Psychology (miscellaneous) (Q3)";"Psychology"
184;19700188499;"Suma Psicologica";journal;"21459797, 01214381";0,322;Q3;16;15;48;778;70;48;1,28;51,87;Colombia;Latin America;"Konrad Lorenz Fundacion Universitaria";"2010-2022";"Psychology (miscellaneous) (Q3)";"Psychology"
185;21100793178;"Psicoperspectivas";journal;"07186924";0,317;Q3;19;37;112;1419;116;106;0,81;38,35;Chile;Latin America;"Pontificia Universidad Catolica de Valparaiso";"2006-2022";"Social Sciences (miscellaneous) (Q2); Psychology (miscellaneous) (Q3)";"Psychology; Social Sciences"
186;21101045709;"Forensic Science International: Mind and Law";journal;"26663538";0,315;Q3;7;16;61;906;98;41;1,61;56,63;Netherlands;Western Europe;"Elsevier BV";"2020-2022";"Law (Q2); Psychiatry and Mental Health (Q3); Psychology (miscellaneous) (Q3)";"Medicine; Psychology; Social Sciences"
187;21100860383;"Cultural-Historical Psychology";journal;"22248935, 18165435";0,306;Q3;7;51;148;1521;137;147;0,96;29,82;Russian Federation;Eastern Europe;"Moscow State University of Psychology and Education";"2018-2022";"Cultural Studies (Q1); Applied Psychology (Q3); Developmental and Educational Psychology (Q3); Psychology (miscellaneous) (Q3); Social Psychology (Q3)";"Psychology; Social Sciences"
188;19200156803;"Psihologija";journal;"14519283, 00485705";0,304;Q3;19;24;66;1257;71;66;1,17;52,38;Serbia;Eastern Europe;"Serbian Psychological Society";"2007-2022";"Psychology (miscellaneous) (Q3)";"Psychology"
189;21100201309;"International Journal of Dream Research";journal;"18667953";0,303;Q3;17;31;125;1314;103;124;0,76;42,39;Germany;Western Europe;"Central Institute of Mental Health";"2011-2022";"Psychology (miscellaneous) (Q3)";"Psychology"
190;17900156713;"International Journal of Applied Psychoanalytic Studies";journal;"17423341, 15569187";0,300;Q3;16;38;99;1581;62;73;0,65;41,61;United States;Northern America;"Wiley-Blackwell";"2009-2022";"Psychology (miscellaneous) (Q3)";"Psychology"
191;21101037151;"Human Arenas";journal;"25225804";0,299;Q3;9;103;157;4988;167;152;1,18;48,43;Netherlands;Western Europe;"Springer Science and Business Media Deutschland GmbH";"2018-2022";"Arts and Humanities (miscellaneous) (Q2); Social Sciences (miscellaneous) (Q2); Psychology (miscellaneous) (Q3)";"Arts and Humanities; Psychology; Social Sciences"
192;12748;"New Zealand Journal of Psychology";journal;"0112109X";0,295;Q3;37;0;25;0;34;25;1,33;0,00;New Zealand;Pacific Region;"New Zealand Psychological Society";"1996-2020";"Psychology (miscellaneous) (Q3)";"Psychology"
193;21101091713;"European Journal for Qualitative Research in Psychotherapy";journal;"17567599";0,290;Q3;5;4;34;171;27;31;0,96;42,75;Ireland;Western Europe;"European Association for Integrative Psychotherapy";"2018-2022";"Applied Psychology (Q3); Clinical Psychology (Q3); Psychology (miscellaneous) (Q3); Social Psychology (Q4)";"Psychology"
194;5300152723;"Journal of Psychology in Africa";journal;"14330237";0,285;Q3;24;91;281;4156;346;279;1,20;45,67;United Kingdom;Western Europe;"Taylor and Francis Ltd.";"2006-2013, 2015-2022";"Psychology (miscellaneous) (Q3)";"Psychology"
195;21100898825;"Aloma";journal;"23399694, 11383194";0,284;Q3;6;7;54;300;83;53;1,74;42,86;Spain;Western Europe;"Facultat de Psicologia, Ciencies de l'Educacio i de l'Esport Blanquerna";"2018-2022";"Computer Networks and Communications (Q3); Education (Q3); Physical Therapy, Sports Therapy and Rehabilitation (Q3); Psychology (miscellaneous) (Q3)";"Computer Science; Health Professions; Psychology; Social Sciences"
196;21100200401;"International Journal of Psychological Research";journal;"20117922, 20112084";0,284;Q3;15;22;57;1075;95;53;1,36;48,86;Colombia;Latin America;"Universidad de San Buenaventura";"2011-2022";"Psychology (miscellaneous) (Q3)";"Psychology"
197;25313;"Journal of Child and Adolescent Substance Abuse";journal;"1067828X";0,284;Q3;35;0;76;0;65;76;0,60;0,00;United States;Northern America;"Routledge";"1994-2022";"Education (Q3); Psychology (miscellaneous) (Q3); Public Health, Environmental and Occupational Health (Q3); Social Psychology (Q4)";"Medicine; Psychology; Social Sciences"
198;15352;"Japanese Psychological Research";journal;"00215368, 14685884";0,282;Q3;34;64;113;2605;111;110;0,83;40,70;United Kingdom;Western Europe;"Wiley-Blackwell Publishing Ltd";"1954-1956, 1958-1990, 1992-2022";"Psychology (miscellaneous) (Q3)";"Psychology"
199;20000195050;"Paideia";journal;"0103863X, 19824327";0,282;Q3;18;40;120;1090;104;120;0,76;27,25;Brazil;Latin America;"Universidade of Sao Paulo, Faculty of Philosophy, Languages and Literature, and Human Sciences";"2011-2022";"Education (Q3); Psychology (miscellaneous) (Q3)";"Psychology; Social Sciences"
200;21101030143;"Psychology Hub";journal;"2723973X, 27242943";0,280;Q3;6;16;62;817;53;59;1,05;51,06;Italy;Western Europe;"Sapienza Universita Editrice";"2020-2022";"Psychiatry and Mental Health (Q3); Psychology (miscellaneous) (Q3); Behavioral Neuroscience (Q4)";"Medicine; Neuroscience; Psychology"
201;15355;"Travail Humain";journal;"00411868";0,279;Q3;25;3;36;170;43;36;0,79;56,67;France;Western Europe;"Presses Universitaires de France";"1947-1949, 1972-1993, 1996-2022";"Applied Psychology (Q3); Human Factors and Ergonomics (Q3); Industrial Relations (Q3); Psychology (miscellaneous) (Q3)";"Business, Management and Accounting; Psychology; Social Sciences"
202;5700164134;"Interamerican Journal of Psychology";journal;"00349690";0,277;Q3;22;22;104;1149;104;99;1,37;52,23;United States;Northern America;"Sociedad Interamericana de Psicologia";"2000-2021";"Psychology (miscellaneous) (Q3)";"Psychology"
203;13997;"Psychologische Rundschau";journal;"00333042";0,276;Q3;23;33;102;824;48;48;0,54;24,97;Germany;Western Europe;"Hogrefe Publishing";"1973-1975, 1980, 1996-1997, 2002-2022";"Psychology (miscellaneous) (Q3)";"Psychology"
204;21100211343;"Hellenic Journal of Psychology";journal;"17901391";0,267;Q3;10;14;46;813;39;46;0,55;58,07;Greece;Western Europe;"";"2011-2022";"Education (Q3); Psychology (miscellaneous) (Q3)";"Psychology; Social Sciences"
205;21100996943;"Psychological Science and Education";journal;"18142052, 23117273";0,264;Q3;14;61;160;1893;151;158;1,00;31,03;Russian Federation;Eastern Europe;"Moscow State University of Psychology and Education";"1999, 2004-2022";"Education (Q3); Psychology (miscellaneous) (Q3); Developmental and Educational Psychology (Q4); Social Psychology (Q4)";"Psychology; Social Sciences"
206;21100217020;"Revista Iberoamericana de Diagnostico y Evaluacion Psicologica";journal;"11353848";0,264;Q3;16;70;168;3694;196;168;1,11;52,77;Spain;Western Europe;"";"2008-2022";"Psychology (miscellaneous) (Q3)";"Psychology"
207;13375;"Psicologica";journal;"02112159, 15768597";0,259;Q3;21;0;20;0;15;20;0,57;0,00;Spain;Western Europe;"Universitat de Valencia";"2004-2021";"Arts and Humanities (miscellaneous) (Q2); Psychology (miscellaneous) (Q3); Developmental and Educational Psychology (Q4); Experimental and Cognitive Psychology (Q4); Statistics and Probability (Q4)";"Arts and Humanities; Mathematics; Psychology"
208;19700175607;"Estudios de Psicologia";journal;"02109395, 15793699";0,255;Q3;20;28;81;1137;77;78;0,76;40,61;United Kingdom;Western Europe;"Taylor and Francis Ltd.";"1980-2022";"Psychology (miscellaneous) (Q3)";"Psychology"
209;14769;"History of Psychology";journal;"19390610, 10934510";0,247;Q3;27;28;92;1620;42;87;0,46;57,86;United States;Northern America;"American Psychological Association";"1998-2022";"History (Q1); Psychology (miscellaneous) (Q3)";"Arts and Humanities; Psychology"
210;21101058102;"European Journal of Education and Psychology";journal;"18888992, 19892209";0,246;Q3;4;18;27;814;33;27;1,22;45,22;Chile;Latin America;"Universidad Autonoma de Chile";"2021";"Education (Q3); Psychology (miscellaneous) (Q3)";"Psychology; Social Sciences"
211;21100228035;"Psychology in Russia: State of the Art";journal;"20746857";0,241;Q3;14;38;144;1833;150;144;1,16;48,24;Russian Federation;Eastern Europe;"Faculty of Psychology, Lomonosov Moscow State University";"2012-2022";"Education (Q3); Psychology (miscellaneous) (Q3)";"Psychology; Social Sciences"
212;21100217604;"Siglo Cero";journal;"02101696";0,241;Q4;10;32;79;1522;59;77;0,70;47,56;Spain;Western Europe;"University of Salamanca";"2012, 2015-2022";"Education (Q3); Psychiatry and Mental Health (Q4); Psychology (miscellaneous) (Q4); Social Psychology (Q4); Social Work (Q4)";"Medicine; Psychology; Social Sciences"
213;21100860733;"Trends in Psychology";journal;"23581883";0,241;Q4;11;142;157;8237;133;155;0,93;58,01;Brazil;Latin America;"Sociedade Brasileira de Psicologia";"2018-2022";"Psychology (miscellaneous) (Q4)";"Psychology"
214;5600155041;"Zeitschrift fur Sexualforschung";journal;"09328114";0,241;Q3;14;30;91;645;40;80;0,41;21,50;Germany;Western Europe;"Georg Thieme Verlag";"2008-2022";"Psychology (miscellaneous) (Q3); Reproductive Medicine (Q3)";"Medicine; Psychology"
215;21100200415;"Revista Colombiana de Psicologia";journal;"01215469";0,239;Q4;12;14;52;664;55;52;1,09;47,43;Colombia;Latin America;"Universidad Nacional de Colombia";"2011-2022";"Social Sciences (miscellaneous) (Q3); Psychology (miscellaneous) (Q4)";"Psychology; Social Sciences"
216;4700152252;"Sexologies";journal;"11581360";0,239;Q4;20;59;114;2248;104;112;1,11;38,10;France;Western Europe;"Elsevier Masson s.r.l.";"2006-2022";"Obstetrics and Gynecology (Q3); Psychology (miscellaneous) (Q4)";"Medicine; Psychology"
217;19700175587;"Interdisciplinaria";journal;"03258203, 16687027";0,230;Q4;13;58;111;3001;109;111;0,77;51,74;Argentina;Latin America;"Centro Interamericano de Investigaciones Psicologicas y Ciencias Afines";"2009-2022";"Psychology (miscellaneous) (Q4)";"Psychology"
218;19700200986;"International Review of Pragmatics";journal;"18773109, 18773095";0,226;Q4;10;14;37;785;24;37;0,92;56,07;Netherlands;Western Europe;"Brill Academic Publishers";"2014-2022";"Linguistics and Language (Q2); Communication (Q3); Psychology (miscellaneous) (Q4)";"Psychology; Social Sciences"
219;21100469663;"Revista de Psicologia (Peru)";journal;"02549247, 22233733";0,224;Q4;9;42;87;2327;55;84;0,34;55,40;Peru;Latin America;"Pontificia Universidad Catolica del Peru";"2016-2022";"Psychology (miscellaneous) (Q4)";"Psychology"
220;21100200647;"Polish Psychological Bulletin";journal;"16417844, 00792993";0,222;Q4;16;26;108;1122;86;108;0,61;43,15;Poland;Eastern Europe;"Polish Academy of Sciences, Committee for Psychological Science";"2008-2022";"Psychology (miscellaneous) (Q4)";"Psychology"
221;10600153356;"Acta Colombiana de Psicologia";journal;"19099711, 01239155";0,218;Q4;15;28;89;1484;69;83;0,73;53,00;Colombia;Latin America;"Universidad Catolica de Colombia";"2007-2022";"Psychiatry and Mental Health (Q4); Psychology (miscellaneous) (Q4)";"Medicine; Psychology"
222;21100897202;"FWU Journal of Social Sciences";journal;"19951272";0,218;Q4;5;40;127;2001;97;126;0,84;50,03;Pakistan;Asiatic Region;"";"2018-2022";"History (Q1); Education (Q3); Social Sciences (miscellaneous) (Q3); Sociology and Political Science (Q3); Psychology (miscellaneous) (Q4)";"Arts and Humanities; Psychology; Social Sciences"
223;35102;"Psikhologicheskii Zhurnal";journal;"02059592";0,218;Q4;14;55;209;1740;87;208;0,40;31,64;Russian Federation;Eastern Europe;"Russian Academy of Sciences";"1984, 1996-2022";"Psychology (miscellaneous) (Q4)";"Psychology"
224;21101047144;"Islamic Guidance and Counseling Journal";journal;"26855909, 26141566";0,216;Q4;4;13;44;815;42;44;1,15;62,69;Indonesia;Asiatic Region;"Institut Agama Islam Ma'arif NU (IAIMNU) Metro Lampung";"2018-2022";"Religious Studies (Q1); Psychology (miscellaneous) (Q4)";"Arts and Humanities; Psychology"
225;19900193614;"Open Psychology Journal";journal;"18743501";0,212;Q4;15;44;105;2178;79;100;0,76;49,50;Netherlands;Western Europe;"Bentham Science Publishers B.V.";"2011, 2014-2022";"Psychology (miscellaneous) (Q4)";"Psychology"
226;14888;"International Journal of Comparative Psychology";journal;"08893667, 21683344";0,209;Q4;11;8;55;294;32;55;0,53;36,75;United States;Northern America;"University of California eScholarship";"1992, 2015-2022";"Psychology (miscellaneous) (Q4)";"Psychology"
227;21100780996;"Psychology, Journal of the Higher School of Economics";journal;"18138918";0,208;Q4;7;35;148;1647;77;146;0,52;47,06;Russian Federation;Eastern Europe;"National Research University Higher School of Economics";"2016-2022";"Cultural Studies (Q2); Education (Q4); Psychology (miscellaneous) (Q4)";"Psychology; Social Sciences"
228;13329;"Pratiques Psychologiques";journal;"1878092X, 12691763";0,206;Q4;14;19;68;1013;52;64;0,95;53,32;France;Western Europe;"Elsevier Masson s.r.l.";"2004-2022";"Psychology (miscellaneous) (Q4)";"Psychology"
229;21100845670;"Studies in American Humor";journal;"23339934, 0095280X";0,205;Q4;4;18;51;486;46;38;0,44;27,00;United States;Northern America;"Penn State University Press";"2017-2022";"History (Q1); Literature and Literary Theory (Q1); Visual Arts and Performing Arts (Q1); Cultural Studies (Q2); Linguistics and Language (Q2); Psychology (miscellaneous) (Q4)";"Arts and Humanities; Psychology; Social Sciences"
230;21100256950;"Movement and Sports Sciences - Science et Motricite";journal;"21185735, 21185743";0,200;Q4;14;27;86;1066;55;81;0,55;39,48;France;Western Europe;"EDP Sciences";"2010-2022";"Multidisciplinary (Q3); Physical Therapy, Sports Therapy and Rehabilitation (Q3); Social Sciences (miscellaneous) (Q3); Neuropsychology and Physiological Psychology (Q4); Orthopedics and Sports Medicine (Q4); Physiology (Q4); Physiology (medical) (Q4); Psychology (miscellaneous) (Q4)";"Biochemistry, Genetics and Molecular Biology; Health Professions; Medicine; Multidisciplinary; Psychology; Social Sciences"
231;21100942816;"Shagi/ Steps";journal;"24129410";0,199;Q4;2;64;174;1703;17;171;0,10;26,61;Russian Federation;Eastern Europe;"Russian Presidential Academy of National Economy and Public Administration";"2019-2022";"Arts and Humanities (miscellaneous) (Q2); Social Sciences (miscellaneous) (Q3); Psychology (miscellaneous) (Q4)";"Arts and Humanities; Psychology; Social Sciences"
232;5800208171;"Psico-USF";journal;"21753563";0,193;Q4;7;54;185;2133;96;184;0,35;39,50;Brazil;Latin America;"Universidade Sao Francisco";"2017-2022";"Psychology (miscellaneous) (Q4)";"Psychology"
233;21100886538;"Quadernos de Psicologia";journal;"02113481, 20144520";0,189;Q4;4;30;108;1215;59;108;0,48;40,50;Spain;Western Europe;"Universitat Autonoma de Barcelona";"2018-2022";"Psychology (miscellaneous) (Q4)";"Psychology"
234;21100901169;"Revista CES Psicologia";journal;"20113080";0,189;Q4;5;33;97;1962;60;93;0,60;59,45;Colombia;Latin America;"Universidad CES";"2018-2022";"Psychology (miscellaneous) (Q4)";"Psychology"
235;7500153128;"Universitas Psychologica";journal;"16579267";0,189;Q4;29;15;153;623;98;152;0,41;41,53;Colombia;Latin America;"Pontificia Universidad Javeriana";"2007-2022";"Psychology (miscellaneous) (Q4); Social Psychology (Q4)";"Psychology"
236;21100829241;"Scandinavian Psychologist";journal;"18945570";0,186;Q4;10;0;13;0;9;13;0,00;0,00;Norway;Western Europe;"Psykologisk.no AS";"2014-2019";"Psychology (miscellaneous) (Q4)";"Psychology"
237;21100400192;"Annals of Psychology";journal;"24514306";0,185;Q4;8;9;63;420;25;63;0,29;46,67;Poland;Eastern Europe;"Towarzystwo Naukowe Katolickiego Uniwersytetu Lubelskiego";"2014-2022";"Psychology (miscellaneous) (Q4)";"Psychology"
238;3900148501;"North American Journal of Psychology";journal;"15277143";0,180;Q4;31;55;127;2078;65;126;0,46;37,78;United States;Northern America;"North American Journal of Psychology";"2005-2022";"Sociology and Political Science (Q3); Developmental and Educational Psychology (Q4); Education (Q4); Psychology (miscellaneous) (Q4)";"Psychology; Social Sciences"
239;21100786920;"Pakistan Journal of Psychological Research";journal;"10160604";0,179;Q4;9;45;124;1848;65;124;0,49;41,07;Pakistan;Asiatic Region;"National Institute of Psychology";"2016-2022";"Psychology (miscellaneous) (Q4)";"Psychology"
240;14806;"Shinrigaku Kenkyu";journal;"00215236";0,179;Q4;19;53;145;1748;61;145;0,35;32,98;Japan;Asiatic Region;"Japanese Psychological Association";"1926-1938, 1941-1943, 1948-2022";"Psychology (miscellaneous) (Q4)";"Psychology"
241;12700154743;"Psykhe";journal;"07182228, 07170297";0,178;Q4;21;23;73;1519;48;71;0,69;66,04;Chile;Latin America;"Pontificia Universidad Catolica de Chile";"2007-2022";"Psychology (miscellaneous) (Q4)";"Psychology"
242;19700175063;"European Journal of Mental Health";journal;"17887119, 17884934";0,176;Q4;10;29;43;1300;27;43;0,50;44,83;Hungary;Eastern Europe;"Semmelweis University Institute of Mental Health";"2008-2022";"Health (social science) (Q4); Psychiatry and Mental Health (Q4); Psychology (miscellaneous) (Q4); Public Health, Environmental and Occupational Health (Q4)";"Medicine; Psychology; Social Sciences"
243;19700180913;"Psicologia USP";journal;"01036564, 16785177";0,175;Q4;12;40;119;1449;51;119;0,30;36,23;Brazil;Latin America;"Instituto de Psicologia";"2006-2022";"Psychology (miscellaneous) (Q4)";"Psychology"
244;12014;"Anuario de Psicologia";journal;"00665126";0,168;Q4;17;21;52;803;26;52;0,49;38,24;Spain;Western Europe;"Universitat de Barcelona";"2002-2009, 2011-2021";"Psychiatry and Mental Health (Q4); Psychology (miscellaneous) (Q4)";"Medicine; Psychology"
245;59860;"Arquivos Brasileiros de Psicologia";journal;"18095267, 01008692";0,168;Q4;11;0;149;0;55;144;0,29;0,00;Brazil;Latin America;"Fundacao Getulio Vargas";"1982, 2009-2021";"Psychology (miscellaneous) (Q4)";"Psychology"
246;13437;"Psychologia";journal;"00332852, 13475916";0,159;Q4;28;4;39;119;19;37;0,40;29,75;Japan;Asiatic Region;"Psychologia Society";"1996-2021";"Psychology (miscellaneous) (Q4)";"Psychology"
247;21101065161;"Ciencias Psicologicas";journal;"16884221, 16884094";0,158;Q4;2;11;72;464;34;70;0,49;42,18;Uruguay;Latin America;"Departamentos de Psicologia de la Universidad Catolica del Uruguay";"2021-2022";"Education (Q4); Health (social science) (Q4); Neuroscience (miscellaneous) (Q4); Psychology (miscellaneous) (Q4)";"Neuroscience; Psychology; Social Sciences"
248;21100899925;"Nomadas";journal;"25394762, 01217550";0,157;Q4;3;18;101;595;43;96;0,27;33,06;Colombia;Latin America;"Instituto de Estudios Sociales Contemporaneos";"2018-2021";"Cultural Studies (Q2); Philosophy (Q2); Anthropology (Q3); Social Sciences (miscellaneous) (Q3); Education (Q4); Psychology (miscellaneous) (Q4)";"Arts and Humanities; Psychology; Social Sciences"
249;4700152605;"Psicologia: Teoria e Pesquisa";journal;"01023772";0,157;Q4;24;55;213;2362;64;212;0,20;42,95;Brazil;Latin America;"Universidade de Brasilia";"2006-2022";"Psychology (miscellaneous) (Q4)";"Psychology"
250;21100858550;"Psychological Thought";journal;"21937281";0,156;Q4;7;27;70;1150;41;66;0,58;42,59;Bulgaria;Eastern Europe;"South-West University "Neofit Rilski"";"2017-2022";"Psychology (miscellaneous) (Q4)";"Psychology"
251;19700174668;"Annual Review of CyberTherapy and Telemedicine";journal;"15548716";0,154;Q4;19;24;98;337;45;94;0,42;14,04;Belgium;Western Europe;"Virtual Reality Medical Institute";"2009-2022";"Computer Science (miscellaneous) (Q4); Neuroscience (miscellaneous) (Q4); Psychology (miscellaneous) (Q4); Rehabilitation (Q4)";"Computer Science; Medicine; Neuroscience; Psychology"
252;21100228079;"Analise Psicologica";journal;"08708231";0,152;Q4;12;18;75;972;36;75;0,31;54,00;Portugal;Western Europe;"Instituto Superior de Psicologia Aplicada";"2010-2022";"Education (Q4); Psychology (miscellaneous) (Q4)";"Psychology; Social Sciences"
253;5400152702;"Estudos de Psicologia";journal;"1413294X";0,151;Q4;15;23;37;843;15;36;0,56;36,65;Brazil;Latin America;"PUC de Campinas";"2006-2022";"Psychology (miscellaneous) (Q4)";"Psychology"
254;21100843526;"Ricerche di Psicologia";journal;"03916081, 19725620";0,151;Q4;12;18;141;890;32;138;0,20;49,44;Italy;Western Europe;"FrancoAngeli Edizioni";"2000, 2002-2022";"Psychology (miscellaneous) (Q4)";"Psychology"
255;21101053110;"Turkish Psychological Counseling and Guidance Journal";journal;"13021370";0,147;Q4;2;29;30;1771;9;30;0,30;61,07;Turkey;Middle East;"Turkish Psychological Counseling and Guidance Association";"2021-2022";"Applied Psychology (Q4); Education (Q4); Psychology (miscellaneous) (Q4)";"Psychology; Social Sciences"
256;21100899527;"Australian Feminist Law Journal";journal;"22040064, 13200968";0,146;Q4;4;14;52;0;27;46;0,29;0,00;Australia;Pacific Region;"Taylor and Francis Ltd.";"2018-2021";"Literature and Literary Theory (Q1); Gender Studies (Q3); Law (Q3); Sociology and Political Science (Q3); Psychology (miscellaneous) (Q4)";"Arts and Humanities; Psychology; Social Sciences"
257;21100403825;"Avaliacao Psicologica";journal;"21753431, 16770471";0,146;Q4;8;0;200;0;62;189;0,28;0,00;Brazil;Latin America;"Instituto Brasileiro de Avaliacao Psicologica";"2015-2021";"Psychology (miscellaneous) (Q4)";"Psychology"
258;14732;"Revista Mexicana de Psicologia";journal;"01856073";0,146;Q4;20;0;26;0;16;26;0,50;0,00;Mexico;Latin America;"Sociedad Mexicana de Psicologia";"1996-2021";"Psychology (miscellaneous) (Q4)";"Psychology"
259;12831;"Ceskoslovenska Psychologie";journal;"18046436, 0009062X";0,145;Q4;16;37;130;2165;38;124;0,35;58,51;Czech Republic;Eastern Europe;"Academy of Sciences of the Czech Republic";"1960-1962, 1996-2022";"Arts and Humanities (miscellaneous) (Q3); Psychology (miscellaneous) (Q4)";"Arts and Humanities; Psychology"
260;13990;"Psychologie Francaise";journal;"00332984";0,145;Q4;17;43;85;2775;39;83;0,47;64,53;France;Western Europe;"Elsevier Masson s.r.l.";"2004-2022";"Psychology (miscellaneous) (Q4)";"Psychology"
261;21100822743;"PSICOLOGIA";journal;"08742049, 21832471";0,143;Q4;5;10;65;489;24;63;0,38;48,90;Portugal;Western Europe;"Associacao Portuguesa de Psicologia";"2016-2022";"Psychology (miscellaneous) (Q4)";"Psychology"
262;4700152863;"Psicologia em Estudo";journal;"14137372";0,142;Q4;18;36;119;1026;37;118;0,24;28,50;Brazil;Latin America;"Universidade Estadual de Maringa";"2006-2023";"Psychology (miscellaneous) (Q4)";"Psychology"
263;5700181944;"Deutsche Sprache";journal;"03409341";0,140;Q4;9;12;66;554;11;64;0,17;46,17;Germany;Western Europe;"Erich Schmidt Verlag GmbH and Co Berlin";"2002-2011, 2017-2022";"Linguistics and Language (Q3); Psychology (miscellaneous) (Q4); Social Sciences (miscellaneous) (Q4)";"Psychology; Social Sciences"
264;15925;"Journal of Parapsychology";journal;"00223387";0,136;Q4;20;1;27;12;13;17;0,33;12,00;United States;Northern America;"Rhine Research Center";"1946-1949, 1973-1977, 1996-2022";"Psychology (miscellaneous) (Q4)";"Psychology"
265;21101037305;"Russian Psychological Journal";journal;"18121853, 24115789";0,135;Q4;2;34;54;1167;18;54;0,33;34,32;Russian Federation;Eastern Europe;"";"2020-2022";"Education (Q4); Psychology (miscellaneous) (Q4)";"Psychology; Social Sciences"
266;21100926538;"Sibirskiy Psikhologicheskiy Zhurnal";journal;"17267080, 24110809";0,133;Q4;4;21;115;932;30;115;0,26;44,38;Russian Federation;Eastern Europe;"Tomsk State University";"2019-2022";"Psychology (miscellaneous) (Q4)";"Psychology"
267;5700154120;"Giornale Italiano di Psicologia";journal;"03905349";0,129;Q4;18;47;285;1691;34;276;0,11;35,98;Italy;Western Europe;"Societa Editrice Il Mulino";"2001-2002, 2011-2022";"Psychology (miscellaneous) (Q4)";"Psychology"
268;21101102055;"International Journal of Sport and Society";journal;"21527865, 21527857";0,129;Q4;2;29;54;1532;13;54;0,24;52,83;United States;Northern America;"Common Ground Research Networks";"2022";"Education (Q4); Health Professions (miscellaneous) (Q4); Medicine (miscellaneous) (Q4); Psychology (miscellaneous) (Q4); Social Sciences (miscellaneous) (Q4); Urology (Q4)";"Health Professions; Medicine; Psychology; Social Sciences"
269;12000154490;"Agora";journal;"15161498, 18094414";0,127;Q4;4;22;111;644;5;109;0,06;29,27;Brazil;Latin America;"Instituto de Psicologia da Universidade Federal do Rio de Janeiro - UFRJ";"2008-2022";"Psychiatry and Mental Health (Q4); Psychology (miscellaneous) (Q4)";"Medicine; Psychology"
270;5700175216;"Magyar Pszichologiai Szemle";journal;"00250279, 15882799";0,127;Q4;8;33;110;1850;20;101;0,16;56,06;Hungary;Eastern Europe;"Akademiai Kiado";"2007-2022";"Psychology (miscellaneous) (Q4)";"Psychology"
271;21100896229;"Phenomenology and Mind";journal;"22807853, 22394028";0,125;Q4;5;16;78;441;21;74;0,24;27,56;Italy;Western Europe;"Rosenberg and Sellier";"2018-2022";"Philosophy (Q3); Cognitive Neuroscience (Q4); Psychology (miscellaneous) (Q4)";"Arts and Humanities; Neuroscience; Psychology"
272;19700202300;"Turk Psikoloji Dergisi";journal;"13004433";0,122;Q4;18;0;6;0;2;6;0,00;0,00;Turkey;Middle East;"Turk Psikoloji Dergisi";"1996-1997, 2002-2015, 2017-2019";"Psychology (miscellaneous) (Q4)";"Psychology"
273;89489;"Voprosy Psikhologii";journal;"00428841";0,122;Q4;11;0;235;0;38;235;0,16;0,00;Russian Federation;Eastern Europe;"Akademiia pedagogicheskikh nauk RSFSR";"1960-1962, 1973-1975, 1996-2021";"Psychology (miscellaneous) (Q4)";"Psychology"
274;25369;"Revista Critica de Ciencias Sociais";journal;"02541106";0,118;Q4;9;21;75;632;13;71;0,06;30,10;Portugal;Western Europe;"Centro de estudos sociais";"1981, 2001, 2015-2022";"Psychology (miscellaneous) (Q4); Social Sciences (miscellaneous) (Q4)";"Psychology; Social Sciences"
275;21101039065;"Ethics in Progress";journal;"20849257";0,115;Q4;2;21;61;614;5;60;0,11;29,24;Poland;Eastern Europe;"Adam Mickiewicz University, Faculty of Philosophy";"2020-2022";"Philosophy (Q3); Developmental and Educational Psychology (Q4); Education (Q4); Psychology (miscellaneous) (Q4)";"Arts and Humanities; Psychology; Social Sciences"
276;21100456125;"Psiholoska Obzorja";journal;"13181874, 23505141";0,114;Q4;12;17;41;738;4;41;0,06;43,41;Slovenia;Eastern Europe;"Slovenian Psychologists' Association";"2000-2022";"Psychology (miscellaneous) (Q4)";"Psychology"
277;19700200805;"Psychological Perspectives";journal;"00332925, 15563030";0,114;Q4;7;35;174;321;13;120;0,05;9,17;United Kingdom;Western Europe;"Taylor and Francis Ltd.";"1970-2022";"Psychology (miscellaneous) (Q4)";"Psychology"
278;5800208032;"Suvremena Psihologija";journal;"13319264";0,108;Q4;7;6;37;376;4;32;0,14;62,67;Croatia;Eastern Europe;"Naklada Slap d.o.o";"2008-2021";"Psychology (miscellaneous) (Q4)";"Psychology"
279;14006;"Psychologist";journal;"09528229";0,107;Q4;36;93;416;190;33;182;0,08;2,04;United Kingdom;Western Europe;"British Psychological Society";"1990, 1996-2022";"Psychology (miscellaneous) (Q4)";"Psychology"
280;21100900132;"Interacao em Psicologia";journal;"19818076, 19818068";0,105;Q4;3;7;120;189;7;113;0,05;27,00;Brazil;Latin America;"Universidade Federal do Parana - Departamento de Psicologia";"2018-2021";"Psychology (miscellaneous) (Q4)";"Psychology"
281;21101017897;"European Yearbook of the History of Psychology";journal;"22955267, 25070304";0,102;Q4;3;0;25;0;2;19;0,11;0,00;Belgium;Western Europe;"Brepols Publishers";"2015-2021";"History (Q4); Psychology (miscellaneous) (Q4)";"Arts and Humanities; Psychology"
282;5700184173;"Histoire Epistemologie Langage";journal;"07508069";0,101;Q4;5;0;40;0;2;40;0,00;0,00;France;Western Europe;"EDP Sciences";"2011-2013, 2015-2020";"Linguistics and Language (Q4); Philosophy (Q4); Psychology (miscellaneous) (Q4)";"Arts and Humanities; Psychology; Social Sciences"
283;21101089656;"Translational Issues in Psychological Science";journal;"23322136, 23322179";;-;2;45;0;2901;0;0;0,00;64,47;United States;Northern America;"American Psychological Association";"2022";"Applied Psychology; Psychology (miscellaneous)";"Psychology"
